date,start_time,end_time,time_in_bucket,substrate,direction,trigger,substrate_temp,snake_temp,camera,sp_code,detection
11/04/2021,11:19,11:29,60,lid,forward,",motion,heat,",21.1,21.5,covert_a,STOCC,0
11/04/2021,11:19,11:29,60,lid,forward,",motion,heat,",21.1,21.5,covert_a,STOCC,0
11/04/2021,11:19,11:29,55,lid,forward,",motion,heat,",21.1,21.5,covert_a,STOCC,0
11/04/2021,11:19,11:29,60,lid,forward,",motion,heat,",21.1,21.5,covert_a,STOCC,0
11/04/2021,11:19,11:29,60,lid,forward,",motion,heat,",21.1,21.5,covert_a,STOCC,1
11/04/2021,11:34,11:43,180,lid,forward,",motion,heat,",21.1,25.1,covert_a,LAGET,1
11/04/2021,11:34,11:43,90,lid,forward,",motion,heat,",21.1,24.7,covert_a,LAGET,1
11/04/2021,11:34,11:43,35,lid,forward,",motion,heat,",21.1,24.4,covert_a,LAGET,1
11/04/2021,11:34,11:43,70,lid,forward,",motion,heat,",21.1,24,covert_a,LAGET,1
11/04/2021,11:34,11:43,23,lid,forward,",motion,heat,",21.1,23.7,covert_a,LAGET,1
11/04/2021,11:46,11:53,37,lid,forward,",motion,heat,",21.5,22.8,covert_a,PAALL,0
11/04/2021,11:46,11:53,49,lid,forward,",motion,heat,",21.5,21.3,covert_a,PAALL,1
11/04/2021,11:46,11:53,42,lid,forward,",motion,heat,",21.5,21.3,covert_a,PAALL,1
11/04/2021,11:46,11:53,60,lid,forward,",motion,heat,",21.5,21.8,covert_a,PAALL,0
11/04/2021,11:46,11:53,60,lid,forward,",motion,heat,",21.5,21.6,covert_a,PAALL,0
11/04/2021,11:56,12:01,5,lid,forward,",motion,heat,",20.7,21.1,covert_a,DIPUN,0
11/04/2021,11:56,12:01,60,lid,forward,",motion,heat,",20.7,21.7,covert_a,DIPUN,0
11/04/2021,11:56,12:01,10,lid,forward,",motion,heat,",20.7,21.5,covert_a,DIPUN,0
11/04/2021,11:56,12:01,5,lid,forward,",motion,heat,",20.7,21.5,covert_a,DIPUN,0
11/04/2021,11:56,12:01,4,lid,forward,",motion,heat,",20.7,21.5,covert_a,DIPUN,0
11/04/2021,12:04,12:22,180,lid,forward,",motion,heat,",20.5,22.1,covert_a,PAGUT,1
11/04/2021,12:04,12:22,300,lid,forward,",motion,heat,",20.5,22,covert_a,PAGUT,1
11/04/2021,12:04,12:22,90,lid,forward,",motion,heat,",20.5,22.2,covert_a,PAGUT,0
11/04/2021,12:04,12:22,220,lid,forward,",motion,heat,",20.5,21.9,covert_a,PAGUT,0
11/04/2021,12:04,12:22,75,lid,forward,",motion,heat,",20.5,21.9,covert_a,PAGUT,0
11/04/2021,12:51,12:57,36,lid,forward,",motion,heat,",20.7,21.1,reconyx_white,PAALL,1
11/04/2021,12:51,12:57,40,lid,forward,",motion,heat,",20.7,23.8,reconyx_white,PAALL,0
11/04/2021,12:51,12:57,35,lid,forward,",motion,heat,",20.7,21.8,reconyx_white,PAALL,0
11/04/2021,12:51,12:57,30,lid,forward,",motion,heat,",20.7,22.6,reconyx_white,PAALL,0
11/04/2021,12:51,12:57,40,lid,forward,",motion,heat,",20.7,21.2,reconyx_white,PAALL,0
11/04/2021,13:03,13:14,120,lid,forward,",motion,heat,",20.7,25.1,reconyx_white,LAGET,1
11/04/2021,13:03,13:14,80,lid,forward,",motion,heat,",20.7,24.7,reconyx_white,LAGET,1
11/04/2021,13:03,13:14,129,lid,forward,",motion,heat,",20.7,24,reconyx_white,LAGET,1
11/04/2021,13:03,13:14,80,lid,forward,",motion,heat,",20.7,23.8,reconyx_white,LAGET,1
11/04/2021,13:03,13:14,120,lid,forward,",motion,heat,",20.7,24,reconyx_white,LAGET,1
11/04/2021,13:17,13:29,83,lid,forward,",motion,heat,",21.1,22.7,reconyx_white,PAGUT,1
11/04/2021,13:17,13:29,187,lid,forward,",motion,heat,",21.1,22.3,reconyx_white,PAGUT,1
11/04/2021,13:17,13:29,110,lid,forward,",motion,heat,",21.1,22.3,reconyx_white,PAGUT,1
11/04/2021,13:17,13:29,60,lid,forward,",motion,heat,",21.1,22.3,reconyx_white,PAGUT,0
11/04/2021,13:17,13:29,100,lid,forward,",motion,heat,",21.1,22,reconyx_white,PAGUT,0
11/04/2021,13:38,13:52,180,lid,forward,",motion,heat,",20.5,21.3,reconyx_white,STOCC,0
11/04/2021,13:38,13:52,120,lid,forward,",motion,heat,",20.5,21.8,reconyx_white,STOCC,0
11/04/2021,13:38,13:52,120,lid,forward,",motion,heat,",20.5,21.4,reconyx_white,STOCC,1
11/04/2021,13:38,13:52,120,lid,forward,",motion,heat,",20.5,21.3,reconyx_white,STOCC,0
11/04/2021,13:38,13:52,120,lid,forward,",motion,heat,",20.5,20.7,reconyx_white,STOCC,0
11/04/2021,13:58,14:06,3,lid,forward,",motion,heat,",20.6,21.2,reconyx_white,DIPUN,0
11/04/2021,13:58,14:06,19,lid,forward,",motion,heat,",20.6,21.2,reconyx_white,DIPUN,0
11/04/2021,13:58,14:06,120,lid,forward,",motion,heat,",20.6,21.3,reconyx_white,DIPUN,1
11/04/2021,13:58,14:06,20,lid,forward,",motion,heat,",20.6,21.5,reconyx_white,DIPUN,1
11/04/2021,13:58,14:06,120,lid,forward,",motion,heat,",20.6,21.3,reconyx_white,DIPUN,0
11/05/2021,12:52,13:03,120,lid,forward,",motion,heat,",19.9,21.1,moultrie_b,STOCC,0
11/05/2021,12:52,13:03,120,lid,forward,",motion,heat,",19.9,19.8,moultrie_b,STOCC,0
11/05/2021,12:52,13:03,120,lid,forward,",motion,heat,",19.9,20.8,moultrie_b,STOCC,0
11/05/2021,12:52,13:03,90,lid,forward,",motion,heat,",19.9,20.7,moultrie_b,STOCC,0
11/05/2021,12:52,13:03,90,lid,forward,",motion,heat,",19.9,20,moultrie_b,STOCC,0
11/05/2021,13:16,13:25,30,lid,forward,",motion,heat,",20.5,20.5,moultrie_b,DIPUN,1
11/05/2021,13:16,13:25,30,lid,forward,",motion,heat,",20.5,20.5,moultrie_b,DIPUN,1
11/05/2021,13:16,13:25,120,lid,forward,",motion,heat,",20.5,20.5,moultrie_b,DIPUN,1
11/05/2021,13:16,13:25,22,lid,forward,",motion,heat,",20.5,21.2,moultrie_b,DIPUN,1
11/05/2021,13:16,13:25,120,lid,forward,",motion,heat,",20.5,20.6,moultrie_b,DIPUN,0
11/05/2021,15:00,15:07,130,lid,forward,",motion,heat,",20.5,20.5,moultrie_b,PAGUT,0
11/05/2021,15:00,15:07,90,lid,forward,",motion,heat,",20.5,20.3,moultrie_b,PAGUT,0
11/05/2021,15:00,15:07,100,lid,forward,",motion,heat,",20.5,20.3,moultrie_b,PAGUT,0
11/05/2021,15:00,15:07,35,lid,forward,",motion,heat,",20.5,20.5,moultrie_b,PAGUT,0
11/05/2021,15:00,15:07,40,lid,forward,",motion,heat,",20.5,20.5,moultrie_b,PAGUT,0
11/05/2021,13:30,13:34,25,lid,forward,",motion,heat,",20.4,20.5,moultrie_b,PAALL,1
11/05/2021,13:30,13:34,27,lid,forward,",motion,heat,",20.4,21.5,moultrie_b,PAALL,0
11/05/2021,13:30,13:34,24,lid,forward,",motion,heat,",20.4,20,moultrie_b,PAALL,0
11/05/2021,13:30,13:34,23,lid,forward,",motion,heat,",20.4,20,moultrie_b,PAALL,0
11/05/2021,13:30,13:34,25,lid,forward,",motion,heat,",20.4,19.6,moultrie_b,PAALL,0
11/05/2021,13:37,13:50,105,lid,forward,",motion,heat,",19.9,22.3,moultrie_b,LAGET,1
11/05/2021,13:37,13:50,85,lid,forward,",motion,heat,",19.9,23.4,moultrie_b,LAGET,1
11/05/2021,13:37,13:50,285,lid,forward,",motion,heat,",19.9,22.1,moultrie_b,LAGET,1
11/05/2021,13:37,13:50,50,lid,forward,",motion,heat,",19.9,21.5,moultrie_b,LAGET,0
11/05/2021,13:37,13:50,60,lid,forward,",motion,heat,",19.9,22.1,moultrie_b,LAGET,0
11/05/2021,14:01,14:05,14,lid,forward,",motion,heat,",21,20.5,stealth_b,PAALL,0
11/05/2021,14:01,14:05,30,lid,forward,",motion,heat,",21,21.3,stealth_b,PAALL,0
11/05/2021,14:01,14:05,25,lid,forward,",motion,heat,",21,20.9,stealth_b,PAALL,0
11/05/2021,14:01,14:05,22,lid,forward,",motion,heat,",21,21.4,stealth_b,PAALL,0
11/05/2021,14:01,14:05,21,lid,forward,",motion,heat,",21,22.4,stealth_b,PAALL,0
11/05/2021,14:09,14:17,115,lid,forward,",motion,heat,",20.6,24,stealth_b,LAGET,1
11/05/2021,14:09,14:17,28,lid,forward,",motion,heat,",20.6,23.8,stealth_b,LAGET,1
11/05/2021,14:09,14:17,36,lid,forward,",motion,heat,",20.6,23.5,stealth_b,LAGET,0
11/05/2021,14:09,14:17,74,lid,forward,",motion,heat,",20.6,23.5,stealth_b,LAGET,0
11/05/2021,14:09,14:17,87,lid,forward,",motion,heat,",20.6,21.4,stealth_b,LAGET,0
11/05/2021,14:20,14:30,150,lid,forward,",motion,heat,",20.5,20.8,stealth_b,STOCC,0
11/05/2021,14:20,14:30,90,lid,forward,",motion,heat,",20.5,22.5,stealth_b,STOCC,0
11/05/2021,14:20,14:30,37,lid,forward,",motion,heat,",20.5,21.4,stealth_b,STOCC,0
11/05/2021,14:20,14:30,90,lid,forward,",motion,heat,",20.5,20.6,stealth_b,STOCC,0
11/05/2021,14:20,14:30,90,lid,forward,",motion,heat,",20.5,21.7,stealth_b,STOCC,0
11/05/2021,14:43,14:57,270,lid,forward,",motion,heat,",20.2,19.6,stealth_b,PAGUT,0
11/05/2021,14:43,14:57,65,lid,forward,",motion,heat,",20.2,20.5,stealth_b,PAGUT,0
11/05/2021,14:43,14:57,50,lid,forward,",motion,heat,",20.2,20.8,stealth_b,PAGUT,0
11/05/2021,14:43,14:57,70,lid,forward,",motion,heat,",20.2,20.6,stealth_b,PAGUT,0
11/05/2021,14:43,14:57,150,lid,forward,",motion,heat,",20.2,21,stealth_b,PAGUT,0
11/05/2021,14:32,14:39,90,lid,forward,",motion,heat,",21.1,21.4,stealth_b,DIPUN,1
11/05/2021,14:32,14:39,90,lid,forward,",motion,heat,",21.1,21.5,stealth_b,DIPUN,1
11/05/2021,14:32,14:39,20,lid,forward,",motion,heat,",21.1,20.7,stealth_b,DIPUN,0
11/05/2021,14:32,14:39,30,lid,forward,",motion,heat,",21.1,21.9,stealth_b,DIPUN,0
11/05/2021,14:32,14:39,17,lid,forward,",motion,heat,",21.1,20.4,stealth_b,DIPUN,0
11/08/2021,9:08,9:17,53,lid,forward,",motion,heat,",20.1,24,browning_recon,PAGUT,1
11/08/2021,9:08,9:17,230,lid,forward,",motion,heat,",20.1,21.7,browning_recon,PAGUT,1
11/08/2021,9:08,9:17,52,lid,forward,",motion,heat,",20.1,21.3,browning_recon,PAGUT,1
11/08/2021,9:08,9:17,55,lid,forward,",motion,heat,",20.1,21.1,browning_recon,PAGUT,1
11/08/2021,9:08,9:17,36,lid,forward,",motion,heat,",20.1,21.5,browning_recon,PAGUT,1
11/08/2021,9:20,9:26,34,lid,forward,",motion,heat,",20,20.5,browning_recon,PAALL,0
11/08/2021,9:20,9:26,30,lid,forward,",motion,heat,",20,20.9,browning_recon,PAALL,0
11/08/2021,9:20,9:26,40,lid,forward,",motion,heat,",20,20.7,browning_recon,PAALL,0
11/08/2021,9:20,9:26,38,lid,forward,",motion,heat,",20,19.6,browning_recon,PAALL,0
11/08/2021,9:20,9:26,39,lid,forward,",motion,heat,",20,19.8,browning_recon,PAALL,0
11/08/2021,9:27,9:35,2,lid,forward,",motion,heat,",20.1,20.1,browning_recon,DIPUN,0
11/08/2021,9:27,9:35,17,lid,forward,",motion,heat,",20.1,20.6,browning_recon,DIPUN,0
11/08/2021,9:27,9:35,60,lid,forward,",motion,heat,",20.1,19.7,browning_recon,DIPUN,1
11/08/2021,9:27,9:35,60,lid,forward,",motion,heat,",20.1,20.3,browning_recon,DIPUN,0
11/08/2021,9:27,9:35,60,lid,forward,",motion,heat,",20.1,20.9,browning_recon,DIPUN,0
11/08/2021,9:37,9:45,90,lid,forward,",motion,heat,",20,19.7,browning_recon,STOCC,0
11/08/2021,9:37,9:45,60,lid,forward,",motion,heat,",20,20.3,browning_recon,STOCC,0
11/08/2021,9:37,9:45,60,lid,forward,",motion,heat,",20,20.9,browning_recon,STOCC,0
11/08/2021,9:37,9:45,60,lid,forward,",motion,heat,",20,20.1,browning_recon,STOCC,0
11/08/2021,9:37,9:45,60,lid,forward,",motion,heat,",20,19.9,browning_recon,STOCC,0
11/08/2021,9:48,10:00,240,lid,forward,",motion,heat,",20.2,22.6,browning_recon,LAGET,1
11/08/2021,9:48,10:00,90,lid,forward,",motion,heat,",20.2,22,browning_recon,LAGET,1
11/08/2021,9:48,10:00,20,lid,forward,",motion,heat,",20.2,21.7,browning_recon,LAGET,1
11/08/2021,9:48,10:00,23,lid,forward,",motion,heat,",20.2,21.7,browning_recon,LAGET,1
11/08/2021,9:48,10:00,90,lid,forward,",motion,heat,",20.2,21.8,browning_recon,LAGET,1
11/08/2021,12:45,12:54,60,lid,forward,",motion,heat,",20.5,21,reconyx_infrared,STOCC,0
11/08/2021,12:45,12:54,60,lid,forward,",motion,heat,",20.5,21.4,reconyx_infrared,STOCC,0
11/08/2021,12:45,12:54,60,lid,forward,",motion,heat,",20.5,21.1,reconyx_infrared,STOCC,0
11/08/2021,12:45,12:54,60,lid,forward,",motion,heat,",20.5,22,reconyx_infrared,STOCC,0
11/08/2021,12:45,12:54,60,lid,forward,",motion,heat,",20.5,21.7,reconyx_infrared,STOCC,0
11/08/2021,12:56,13:01,60,lid,forward,",motion,heat,",20.8,21,reconyx_infrared,DIPUN,0
11/08/2021,12:56,13:01,60,lid,forward,",motion,heat,",20.8,21.3,reconyx_infrared,DIPUN,0
11/08/2021,12:56,13:01,30,lid,forward,",motion,heat,",20.8,20.6,reconyx_infrared,DIPUN,0
11/08/2021,12:56,13:01,40,lid,forward,",motion,heat,",20.8,21.3,reconyx_infrared,DIPUN,0
11/08/2021,12:56,13:01,60,lid,forward,",motion,heat,",20.8,21.4,reconyx_infrared,DIPUN,0
11/08/2021,13:03,13:08,60,lid,forward,",motion,heat,",20.6,22.5,reconyx_infrared,PAALL,0
11/08/2021,13:03,13:08,30,lid,forward,",motion,heat,",20.6,20.2,reconyx_infrared,PAALL,0
11/08/2021,13:03,13:08,30,lid,forward,",motion,heat,",20.6,21.7,reconyx_infrared,PAALL,1
11/08/2021,13:03,13:08,28,lid,forward,",motion,heat,",20.6,20.3,reconyx_infrared,PAALL,1
11/08/2021,13:03,13:08,55,lid,forward,",motion,heat,",20.6,21.7,reconyx_infrared,PAALL,0
11/08/2021,13:10,13:20,90,lid,forward,",motion,heat,",20.7,22.7,reconyx_infrared,PAGUT,1
11/08/2021,13:10,13:20,185,lid,forward,",motion,heat,",20.7,22.7,reconyx_infrared,PAGUT,1
11/08/2021,13:10,13:20,110,lid,forward,",motion,heat,",20.7,22.5,reconyx_infrared,PAGUT,0
11/08/2021,13:10,13:20,90,lid,forward,",motion,heat,",20.7,22.5,reconyx_infrared,PAGUT,1
11/08/2021,13:10,13:20,60,lid,forward,",motion,heat,",20.7,22.5,reconyx_infrared,PAGUT,1
11/08/2021,13:21,13:28,50,lid,forward,",motion,heat,",20.8,23.7,reconyx_infrared,LAGET,0
11/08/2021,13:21,13:28,54,lid,forward,",motion,heat,",20.8,22.3,reconyx_infrared,LAGET,0
11/08/2021,13:21,13:28,37,lid,forward,",motion,heat,",20.8,22.9,reconyx_infrared,LAGET,0
11/08/2021,13:21,13:28,70,lid,forward,",motion,heat,",20.8,22.7,reconyx_infrared,LAGET,0
11/08/2021,13:21,13:28,75,lid,forward,",motion,heat,",20.8,21,reconyx_infrared,LAGET,1
11/09/2021,11:50,11:58,120,lid,forward,",motion,heat,",21,22,moultrie_a,STOCC,1
11/09/2021,11:50,11:58,60,lid,forward,",motion,heat,",21,21.5,moultrie_a,STOCC,0
11/09/2021,11:50,11:58,70,lid,forward,",motion,heat,",21,21.8,moultrie_a,STOCC,0
11/09/2021,11:50,11:58,50,lid,forward,",motion,heat,",21,21,moultrie_a,STOCC,0
11/09/2021,11:50,11:58,60,lid,forward,",motion,heat,",21,20.8,moultrie_a,STOCC,0
11/09/2021,12:00,12:15,438,lid,forward,",motion,heat,",21.2,21.6,moultrie_a,PAGUT,1
11/09/2021,12:00,12:15,75,lid,forward,",motion,heat,",21.2,21.8,moultrie_a,PAGUT,1
11/09/2021,12:00,12:15,75,lid,forward,",motion,heat,",21.2,21.5,moultrie_a,PAGUT,0
11/09/2021,12:00,12:15,85,lid,forward,",motion,heat,",21.2,21.8,moultrie_a,PAGUT,0
11/09/2021,12:00,12:15,90,lid,forward,",motion,heat,",21.2,22.1,moultrie_a,PAGUT,0
11/09/2021,12:17,12:25,2,lid,forward,",motion,heat,",20.6,20.8,moultrie_a,DIPUN,0
11/09/2021,12:17,12:25,60,lid,forward,",motion,heat,",20.6,21,moultrie_a,DIPUN,0
11/09/2021,12:17,12:25,60,lid,forward,",motion,heat,",20.6,21,moultrie_a,DIPUN,1
11/09/2021,12:17,12:25,20,lid,forward,",motion,heat,",20.6,21.2,moultrie_a,DIPUN,0
11/09/2021,12:17,12:25,60,lid,forward,",motion,heat,",20.6,21.9,moultrie_a,DIPUN,1
11/09/2021,12:27,12:32,125,lid,forward,",motion,heat,",20.4,22.2,moultrie_a,LAGET,1
11/09/2021,12:27,12:32,15,lid,forward,",motion,heat,",20.4,23,moultrie_a,LAGET,1
11/09/2021,12:27,12:32,45,lid,forward,",motion,heat,",20.4,22.4,moultrie_a,LAGET,1
11/09/2021,12:27,12:32,22,lid,forward,",motion,heat,",20.4,23.3,moultrie_a,LAGET,0
11/09/2021,12:27,12:32,15,lid,forward,",motion,heat,",20.4,23.6,moultrie_a,LAGET,0
11/09/2021,12:33,12:38,30,lid,forward,",motion,heat,",20.9,21,moultrie_a,PAALL,1
11/09/2021,12:33,12:38,30,lid,forward,",motion,heat,",20.9,20.1,moultrie_a,PAALL,1
11/09/2021,12:33,12:38,20,lid,forward,",motion,heat,",20.9,21,moultrie_a,PAALL,0
11/09/2021,12:33,12:38,30,lid,forward,",motion,heat,",20.9,20.4,moultrie_a,PAALL,0
11/09/2021,12:33,12:38,25,lid,forward,",motion,heat,",20.9,20.7,moultrie_a,PAALL,0
11/09/2021,12:50,12:57,60,lid,forward,",motion,heat,",21.1,21.3,stealth_a,STOCC,0
11/09/2021,12:50,12:57,60,lid,forward,",motion,heat,",21.1,21.3,stealth_a,STOCC,0
11/09/2021,12:50,12:57,60,lid,forward,",motion,heat,",21.1,21.8,stealth_a,STOCC,0
11/09/2021,12:50,12:57,60,lid,forward,",motion,heat,",21.1,21.3,stealth_a,STOCC,0
11/09/2021,12:50,12:57,60,lid,forward,",motion,heat,",21.1,21.3,stealth_a,STOCC,0
11/09/2021,13:00,13:03,10,lid,forward,",motion,heat,",20.7,22.7,stealth_a,PAALL,0
11/09/2021,13:00,13:03,15,lid,forward,",motion,heat,",20.7,21,stealth_a,PAALL,0
11/09/2021,13:00,13:03,15,lid,forward,",motion,heat,",20.7,20.7,stealth_a,PAALL,0
11/09/2021,13:00,13:03,15,lid,forward,",motion,heat,",20.7,21.9,stealth_a,PAALL,0
11/09/2021,13:00,13:03,15,lid,forward,",motion,heat,",20.7,20.7,stealth_a,PAALL,0
11/09/2021,13:05,13:09,120,lid,forward,",motion,heat,",20.8,22.3,stealth_a,LAGET,1
11/09/2021,13:05,13:09,30,lid,forward,",motion,heat,",20.8,23.2,stealth_a,LAGET,1
11/09/2021,13:05,13:09,15,lid,forward,",motion,heat,",20.8,22.6,stealth_a,LAGET,0
11/09/2021,13:05,13:09,20,lid,forward,",motion,heat,",20.8,23.5,stealth_a,LAGET,0
11/09/2021,13:05,13:09,20,lid,forward,",motion,heat,",20.8,23.5,stealth_a,LAGET,0
11/09/2021,13:11,13:17,60,lid,forward,",motion,heat,",21.3,23.5,stealth_a,PAGUT,1
11/09/2021,13:11,13:17,30,lid,forward,",motion,heat,",21.3,22.8,stealth_a,PAGUT,1
11/09/2021,13:11,13:17,50,lid,forward,",motion,heat,",21.3,22.1,stealth_a,PAGUT,0
11/09/2021,13:11,13:17,45,lid,forward,",motion,heat,",21.3,22.5,stealth_a,PAGUT,0
11/09/2021,13:11,13:17,50,lid,forward,",motion,heat,",21.3,23.1,stealth_a,PAGUT,0
11/09/2021,13:19,13:24,20,lid,forward,",motion,heat,",21.5,21.9,stealth_a,DIPUN,0
11/09/2021,13:19,13:24,30,lid,forward,",motion,heat,",21.5,21.2,stealth_a,DIPUN,0
11/09/2021,13:19,13:24,25,lid,forward,",motion,heat,",21.5,22.2,stealth_a,DIPUN,0
11/09/2021,13:19,13:24,45,lid,forward,",motion,heat,",21.5,21.3,stealth_a,DIPUN,0
11/09/2021,13:19,13:24,30,lid,forward,",motion,heat,",21.5,21.8,stealth_a,DIPUN,0
11/11/2021,12:51,12:57,77,lid,forward,",motion,heat,",20.5,23,covert_b,LAGET,0
11/11/2021,12:51,12:57,68,lid,forward,",motion,heat,",20.5,23.9,covert_b,LAGET,0
11/11/2021,12:51,12:57,35,lid,forward,",motion,heat,",20.5,23.8,covert_b,LAGET,1
11/11/2021,12:51,12:57,25,lid,forward,",motion,heat,",20.5,23.6,covert_b,LAGET,1
11/11/2021,12:51,12:57,23,lid,forward,",motion,heat,",20.5,23,covert_b,LAGET,1
11/11/2021,12:59,13:05,60,lid,forward,",motion,heat,",21.2,24.5,covert_b,DIPUN,1
11/11/2021,12:59,13:05,30,lid,forward,",motion,heat,",21.2,21.7,covert_b,DIPUN,1
11/11/2021,12:59,13:05,60,lid,forward,",motion,heat,",21.2,21.4,covert_b,DIPUN,1
11/11/2021,12:59,13:05,60,lid,forward,",motion,heat,",21.2,21.8,covert_b,DIPUN,0
11/11/2021,12:59,13:05,30,lid,forward,",motion,heat,",21.2,21.8,covert_b,DIPUN,1
11/11/2021,13:07,13:15,60,lid,forward,",motion,heat,",20.8,22,covert_b,STOCC,0
11/11/2021,13:07,13:15,60,lid,forward,",motion,heat,",20.8,21.7,covert_b,STOCC,0
11/11/2021,13:07,13:15,60,lid,forward,",motion,heat,",20.8,21.8,covert_b,STOCC,0
11/11/2021,13:07,13:15,60,lid,forward,",motion,heat,",20.8,23,covert_b,STOCC,0
11/11/2021,13:07,13:15,60,lid,forward,",motion,heat,",20.8,23.6,covert_b,STOCC,0
11/11/2021,13:17,13:27,16,lid,forward,",motion,heat,",21.7,22.8,covert_b,PAGUT,1
11/11/2021,13:17,13:27,128,lid,forward,",motion,heat,",21.7,22.8,covert_b,PAGUT,1
11/11/2021,13:17,13:27,300,lid,forward,",motion,heat,",21.7,22.5,covert_b,PAGUT,1
11/11/2021,13:17,13:27,45,lid,forward,",motion,heat,",21.7,22.2,covert_b,PAGUT,1
11/11/2021,13:17,13:27,40,lid,forward,",motion,heat,",21.7,22.3,covert_b,PAGUT,1
11/11/2021,13:29,13:34,30,lid,forward,",motion,heat,",21.1,20.8,covert_b,PAALL,0
11/11/2021,13:29,13:34,30,lid,forward,",motion,heat,",21.1,22.1,covert_b,PAALL,1
11/11/2021,13:29,13:34,28,lid,forward,",motion,heat,",21.1,21.6,covert_b,PAALL,0
11/11/2021,13:29,13:34,25,lid,forward,",motion,heat,",21.1,22.1,covert_b,PAALL,0
11/11/2021,13:29,13:34,30,lid,forward,",motion,heat,",21.1,22.5,covert_b,PAALL,0
11/11/2021,13:40,13:52,100,lid,forward,",motion,heat,",21.1,24.3,browning_dark,LAGET,1
11/11/2021,13:40,13:52,200,lid,forward,",motion,heat,",21.1,24.3,browning_dark,LAGET,1
11/11/2021,13:40,13:52,150,lid,forward,",motion,heat,",21.1,24.3,browning_dark,LAGET,1
11/11/2021,13:40,13:52,50,lid,forward,",motion,heat,",21.1,24,browning_dark,LAGET,1
11/11/2021,13:40,13:52,40,lid,forward,",motion,heat,",21.1,23.5,browning_dark,LAGET,1
11/11/2021,13:53,13:57,8,lid,forward,",motion,heat,",21.3,22.4,browning_dark,PAGUT,1
11/11/2021,13:53,13:57,50,lid,forward,",motion,heat,",21.3,23.3,browning_dark,PAGUT,1
11/11/2021,13:53,13:57,50,lid,forward,",motion,heat,",21.3,22.6,browning_dark,PAGUT,1
11/11/2021,13:53,13:57,50,lid,forward,",motion,heat,",21.3,22.5,browning_dark,PAGUT,1
11/11/2021,13:53,13:57,50,lid,forward,",motion,heat,",21.3,22.4,browning_dark,PAGUT,1
11/11/2021,13:59,14:03,15,lid,forward,",motion,heat,",21.5,20.8,browning_dark,PAALL,1
11/11/2021,13:59,14:03,30,lid,forward,",motion,heat,",21.5,21.6,browning_dark,PAALL,1
11/11/2021,13:59,14:03,30,lid,forward,",motion,heat,",21.5,23.6,browning_dark,PAALL,1
11/11/2021,13:59,14:03,30,lid,forward,",motion,heat,",21.5,23.6,browning_dark,PAALL,0
11/11/2021,13:59,14:03,30,lid,forward,",motion,heat,",21.5,21.5,browning_dark,PAALL,0
11/11/2021,13:05,14:09,30,lid,forward,",motion,heat,",21.7,21.7,browning_dark,DIPUN,1
11/11/2021,13:05,14:09,30,lid,forward,",motion,heat,",21.7,22.1,browning_dark,DIPUN,1
11/11/2021,13:05,14:09,30,lid,forward,",motion,heat,",21.7,21.8,browning_dark,DIPUN,1
11/11/2021,13:05,14:09,35,lid,forward,",motion,heat,",21.7,21.8,browning_dark,DIPUN,1
11/11/2021,13:05,14:09,60,lid,forward,",motion,heat,",21.7,21.8,browning_dark,DIPUN,1
11/11/2021,14:10,14:19,60,lid,forward,",motion,heat,",21.1,22.8,browning_dark,STOCC,1
11/11/2021,14:10,14:19,60,lid,forward,",motion,heat,",21.1,23.6,browning_dark,STOCC,1
11/11/2021,14:10,14:19,60,lid,forward,",motion,heat,",21.1,23.9,browning_dark,STOCC,1
11/11/2021,14:10,14:19,60,lid,forward,",motion,heat,",21.1,23,browning_dark,STOCC,1
11/11/2021,14:10,14:19,60,lid,forward,",motion,heat,",21.1,23,browning_dark,STOCC,1
11/11/2021,14:24,14:30,60,sand,forward,",motion,heat,",18.6,22.4,moultrie_b,STOCC,0
11/11/2021,14:24,14:30,60,sand,forward,",motion,heat,",18.6,21.9,moultrie_b,STOCC,0
11/11/2021,14:24,14:30,60,sand,forward,",motion,heat,",18.6,22.4,moultrie_b,STOCC,0
11/11/2021,14:24,14:30,60,sand,forward,",motion,heat,",18.6,22,moultrie_b,STOCC,0
11/11/2021,14:24,14:30,60,sand,forward,",motion,heat,",18.6,21.6,moultrie_b,STOCC,0
11/11/2021,14:34,14:37,60,sand,forward,",motion,heat,",20,22.2,moultrie_b,DIPUN,0
11/11/2021,14:34,14:37,5,sand,forward,",motion,heat,",20,22.2,moultrie_b,DIPUN,0
11/11/2021,14:34,14:37,15,sand,forward,",motion,heat,",20,22.6,moultrie_b,DIPUN,0
11/11/2021,14:34,14:37,10,sand,forward,",motion,heat,",20,22.4,moultrie_b,DIPUN,1
11/11/2021,14:34,14:37,5,sand,forward,",motion,heat,",20,22.5,moultrie_b,DIPUN,1
11/11/2021,14:39,14:42,10,sand,forward,",motion,heat,",19.8,24.1,moultrie_b,PAALL,1
11/11/2021,14:39,14:42,10,sand,forward,",motion,heat,",19.8,22.4,moultrie_b,PAALL,0
11/11/2021,14:39,14:42,20,sand,forward,",motion,heat,",19.8,22.6,moultrie_b,PAALL,0
11/11/2021,14:39,14:42,25,sand,forward,",motion,heat,",19.8,22.1,moultrie_b,PAALL,0
11/11/2021,14:39,14:42,15,sand,forward,",motion,heat,",19.8,22.6,moultrie_b,PAALL,0
11/11/2021,14:43,15:01,360,sand,forward,",motion,heat,",20.1,23,moultrie_b,PAGUT,1
11/11/2021,14:43,15:01,105,sand,forward,",motion,heat,",20.1,23,moultrie_b,PAGUT,1
11/11/2021,14:43,15:01,220,sand,forward,",motion,heat,",20.1,22.5,moultrie_b,PAGUT,1
11/11/2021,14:43,15:01,180,sand,forward,",motion,heat,",20.1,22.5,moultrie_b,PAGUT,1
11/11/2021,14:43,15:01,130,sand,forward,",motion,heat,",20.1,21.5,moultrie_b,PAGUT,0
11/11/2021,15:02,15:16,225,sand,forward,",motion,heat,",20.9,24.7,moultrie_b,LAGET,1
11/11/2021,15:02,15:16,150,sand,forward,",motion,heat,",20.9,23.8,moultrie_b,LAGET,1
11/11/2021,15:02,15:16,90,sand,forward,",motion,heat,",20.9,22.5,moultrie_b,LAGET,0
11/11/2021,15:02,15:16,100,sand,forward,",motion,heat,",20.9,22.6,moultrie_b,LAGET,0
11/11/2021,15:02,15:16,150,sand,forward,",motion,heat,",20.9,19.4,moultrie_b,LAGET,1
11/12/2021,8:43,8:51,60,sand,forward,",motion,heat,",20.7,22,stealth_b,STOCC,0
11/12/2021,8:43,8:51,60,sand,forward,",motion,heat,",20.7,22.6,stealth_b,STOCC,0
11/12/2021,8:43,8:51,60,sand,forward,",motion,heat,",20.7,21.8,stealth_b,STOCC,0
11/12/2021,8:43,8:51,60,sand,forward,",motion,heat,",20.7,21.5,stealth_b,STOCC,0
11/12/2021,8:43,8:51,60,sand,forward,",motion,heat,",20.7,21.4,stealth_b,STOCC,0
11/12/2021,8:52,9:08,140,sand,forward,",motion,heat,",20.7,21.1,stealth_b,PAGUT,1
11/12/2021,8:52,9:08,240,sand,forward,",motion,heat,",20.7,22.4,stealth_b,PAGUT,0
11/12/2021,8:52,9:08,180,sand,forward,",motion,heat,",20.7,21.5,stealth_b,PAGUT,0
11/12/2021,8:52,9:08,180,sand,forward,",motion,heat,",20.7,21.5,stealth_b,PAGUT,1
11/12/2021,8:52,9:08,120,sand,forward,",motion,heat,",20.7,21.5,stealth_b,PAGUT,0
11/12/2021,9:09,9:12,25,sand,forward,",motion,heat,",21,21.5,stealth_b,DIPUN,0
11/12/2021,9:09,9:12,3,sand,forward,",motion,heat,",21,21.8,stealth_b,DIPUN,0
11/12/2021,9:09,9:12,10,sand,forward,",motion,heat,",21,22.3,stealth_b,DIPUN,0
11/12/2021,9:09,9:12,10,sand,forward,",motion,heat,",21,22.5,stealth_b,DIPUN,0
11/12/2021,9:09,9:12,5,sand,forward,",motion,heat,",21,22.1,stealth_b,DIPUN,0
11/12/2021,9:15,9:28,240,sand,forward,",motion,heat,",20.8,22.3,stealth_b,LAGET,1
11/12/2021,9:15,9:28,60,sand,forward,",motion,heat,",20.8,22.5,stealth_b,LAGET,0
11/12/2021,9:15,9:28,23,sand,forward,",motion,heat,",20.8,22.5,stealth_b,LAGET,0
11/12/2021,9:15,9:28,180,sand,forward,",motion,heat,",20.8,22.5,stealth_b,LAGET,1
11/12/2021,9:15,9:28,206,sand,forward,",motion,heat,",20.8,21.3,stealth_b,LAGET,1
11/12/2021,12:30,12:34,30,sand,forward,",motion,heat,",20.5,22.2,stealth_b,PAALL,1
11/12/2021,12:30,12:34,30,sand,forward,",motion,heat,",20.5,22.4,stealth_b,PAALL,0
11/12/2021,12:30,12:34,25,sand,forward,",motion,heat,",20.5,24.2,stealth_b,PAALL,0
11/12/2021,12:30,12:34,20,sand,forward,",motion,heat,",20.5,23.2,stealth_b,PAALL,0
11/12/2021,12:30,12:34,29,sand,forward,",motion,heat,",20.5,23.5,stealth_b,PAALL,0
11/15/2021,9:13,9:20,70,sand,forward,",motion,heat,",19.8,21.5,moultrie_a,STOCC,0
11/15/2021,9:13,9:20,60,sand,forward,",motion,heat,",19.8,22.2,moultrie_a,STOCC,0
11/15/2021,9:13,9:20,60,sand,forward,",motion,heat,",19.8,20.8,moultrie_a,STOCC,0
11/15/2021,9:13,9:20,60,sand,forward,",motion,heat,",19.8,21.1,moultrie_a,STOCC,0
11/15/2021,9:13,9:20,60,sand,forward,",motion,heat,",19.8,21,moultrie_a,STOCC,0
11/15/2021,9:22,9:25,22,sand,forward,",motion,heat,",20.3,20.8,moultrie_a,PAALL,1
11/15/2021,9:22,9:25,25,sand,forward,",motion,heat,",20.3,20.6,moultrie_a,PAALL,0
11/15/2021,9:22,9:25,20,sand,forward,",motion,heat,",20.3,21,moultrie_a,PAALL,0
11/15/2021,9:22,9:25,15,sand,forward,",motion,heat,",20.3,20.8,moultrie_a,PAALL,0
11/15/2021,9:22,9:25,18,sand,forward,",motion,heat,",20.3,20.6,moultrie_a,PAALL,0
11/15/2021,9:27,9:43,267,sand,forward,",motion,heat,",20,22.3,moultrie_a,LAGET,1
11/15/2021,9:27,9:43,150,sand,forward,",motion,heat,",20,22.1,moultrie_a,LAGET,1
11/15/2021,9:27,9:43,50,sand,forward,",motion,heat,",20,22.3,moultrie_a,LAGET,1
11/15/2021,9:27,9:43,120,sand,forward,",motion,heat,",20,22,moultrie_a,LAGET,1
11/15/2021,9:27,9:43,180,sand,forward,",motion,heat,",20,21.2,moultrie_a,LAGET,0
11/15/2021,9:44,9:58,330,sand,forward,",motion,heat,",20.8,21.8,moultrie_a,PAGUT,1
11/15/2021,9:44,9:58,180,sand,forward,",motion,heat,",20.8,21.6,moultrie_a,PAGUT,0
11/15/2021,9:44,9:58,75,sand,forward,",motion,heat,",20.8,21.5,moultrie_a,PAGUT,0
11/15/2021,9:44,9:58,105,sand,forward,",motion,heat,",20.8,21.8,moultrie_a,PAGUT,0
11/15/2021,9:44,9:58,80,sand,forward,",motion,heat,",20.8,22.2,moultrie_a,PAGUT,0
11/15/2021,10:00,10:03,60,sand,forward,",motion,heat,",20.7,21.2,moultrie_a,DIPUN,1
11/15/2021,10:00,10:03,3,sand,forward,",motion,heat,",20.7,20.8,moultrie_a,DIPUN,0
11/15/2021,10:00,10:03,5,sand,forward,",motion,heat,",20.7,21.1,moultrie_a,DIPUN,0
11/15/2021,10:00,10:03,30,sand,forward,",motion,heat,",20.7,21.5,moultrie_a,DIPUN,0
11/15/2021,10:00,10:03,6,sand,forward,",motion,heat,",20.7,21.6,moultrie_a,DIPUN,0
11/15/2021,12:31,12:42,90,sand,forward,",motion,heat,",20.7,22.5,stealth_a,LAGET,1
11/15/2021,12:31,12:42,80,sand,forward,",motion,heat,",20.7,22.5,stealth_a,LAGET,1
11/15/2021,12:31,12:42,190,sand,forward,",motion,heat,",20.7,22.2,stealth_a,LAGET,1
11/15/2021,12:31,12:42,54,sand,forward,",motion,heat,",20.7,22.4,stealth_a,LAGET,1
11/15/2021,12:31,12:42,90,sand,forward,",motion,heat,",20.7,22.6,stealth_a,LAGET,1
11/15/2021,12:43,12:47,5,sand,forward,",motion,heat,",20.8,21.1,stealth_a,DIPUN,0
11/15/2021,12:43,12:47,60,sand,forward,",motion,heat,",20.8,20.9,stealth_a,DIPUN,0
11/15/2021,12:43,12:47,7,sand,forward,",motion,heat,",20.8,21.1,stealth_a,DIPUN,0
11/15/2021,12:43,12:47,5,sand,forward,",motion,heat,",20.8,21.3,stealth_a,DIPUN,0
11/15/2021,12:43,12:47,9,sand,forward,",motion,heat,",20.8,21,stealth_a,DIPUN,0
11/15/2021,12:48,12:55,60,sand,forward,",motion,heat,",20.3,20.9,stealth_a,STOCC,0
11/15/2021,12:48,12:55,60,sand,forward,",motion,heat,",20.3,21.5,stealth_a,STOCC,0
11/15/2021,12:48,12:55,75,sand,forward,",motion,heat,",20.3,21.5,stealth_a,STOCC,0
11/15/2021,12:48,12:55,60,sand,forward,",motion,heat,",20.3,21.5,stealth_a,STOCC,0
11/15/2021,12:48,12:55,60,sand,forward,",motion,heat,",20.3,21.6,stealth_a,STOCC,0
11/15/2021,12:57,13:09,140,sand,forward,",motion,heat,",20.6,22.5,stealth_a,PAGUT,1
11/15/2021,12:57,13:09,65,sand,forward,",motion,heat,",20.6,22.8,stealth_a,PAGUT,1
11/15/2021,12:57,13:09,80,sand,forward,",motion,heat,",20.6,22.2,stealth_a,PAGUT,1
11/15/2021,12:57,13:09,140,sand,forward,",motion,heat,",20.6,21.3,stealth_a,PAGUT,1
11/15/2021,12:57,13:09,225,sand,forward,",motion,heat,",20.6,22.5,stealth_a,PAGUT,0
11/15/2021,13:13,13:17,43,sand,forward,",motion,heat,",20.6,21.4,stealth_a,PAALL,1
11/15/2021,13:13,13:17,17,sand,forward,",motion,heat,",20.6,21.4,stealth_a,PAALL,0
11/15/2021,13:13,13:17,10,sand,forward,",motion,heat,",20.6,21.9,stealth_a,PAALL,0
11/15/2021,13:13,13:17,20,sand,forward,",motion,heat,",20.6,20.8,stealth_a,PAALL,0
11/15/2021,13:13,13:17,15,sand,forward,",motion,heat,",20.6,22,stealth_a,PAALL,0
11/16/2021,11:30,11:45,150,sand,forward,",motion,heat,",20.4,23,browning_recon,LAGET,1
11/16/2021,11:30,11:45,180,sand,forward,",motion,heat,",20.4,20.3,browning_recon,LAGET,1
11/16/2021,11:30,11:45,130,sand,forward,",motion,heat,",20.4,22.1,browning_recon,LAGET,1
11/16/2021,11:30,11:45,110,sand,forward,",motion,heat,",20.4,21.8,browning_recon,LAGET,1
11/16/2021,11:30,11:45,180,sand,forward,",motion,heat,",20.4,22.2,browning_recon,LAGET,0
11/16/2021,11:47,12:04,180,sand,forward,",motion,heat,",21,22,browning_recon,PAGUT,1
11/16/2021,11:47,12:04,180,sand,forward,",motion,heat,",21,22.4,browning_recon,PAGUT,1
11/16/2021,11:47,12:04,195,sand,forward,",motion,heat,",21,22.4,browning_recon,PAGUT,1
11/16/2021,11:47,12:04,180,sand,forward,",motion,heat,",21,22.5,browning_recon,PAGUT,1
11/16/2021,11:47,12:04,180,sand,forward,",motion,heat,",21,22.4,browning_recon,PAGUT,0
11/16/2021,12:06,12:10,30,sand,forward,",motion,heat,",20.8,21.4,browning_recon,PAALL,0
11/16/2021,12:06,12:10,30,sand,forward,",motion,heat,",20.8,21.4,browning_recon,PAALL,0
11/16/2021,12:06,12:10,25,sand,forward,",motion,heat,",20.8,20.2,browning_recon,PAALL,0
11/16/2021,12:06,12:10,17,sand,forward,",motion,heat,",20.8,21.1,browning_recon,PAALL,0
11/16/2021,12:06,12:10,22,sand,forward,",motion,heat,",20.8,21,browning_recon,PAALL,0
11/16/2021,12:11,12:15,30,sand,forward,",motion,heat,",21.2,20.6,browning_recon,DIPUN,1
11/16/2021,12:11,12:15,3,sand,forward,",motion,heat,",21.2,20.7,browning_recon,DIPUN,0
11/16/2021,12:11,12:15,5,sand,forward,",motion,heat,",21.2,20.8,browning_recon,DIPUN,0
11/16/2021,12:11,12:15,6,sand,forward,",motion,heat,",21.2,21.2,browning_recon,DIPUN,0
11/16/2021,12:11,12:15,16,sand,forward,",motion,heat,",21.2,21.5,browning_recon,DIPUN,0
11/16/2021,12:17,12:23,60,sand,forward,",motion,heat,",20.6,20.8,browning_recon,STOCC,0
11/16/2021,12:17,12:23,60,sand,forward,",motion,heat,",20.6,21.5,browning_recon,STOCC,0
11/16/2021,12:17,12:23,60,sand,forward,",motion,heat,",20.6,21.8,browning_recon,STOCC,0
11/16/2021,12:17,12:23,60,sand,forward,",motion,heat,",20.6,22,browning_recon,STOCC,0
11/16/2021,12:17,12:23,60,sand,forward,",motion,heat,",20.6,22.3,browning_recon,STOCC,0
11/16/2021,12:27,12:34,60,sand,forward,",motion,heat,",20.6,22.3,covert_a,STOCC,0
11/16/2021,12:27,12:34,70,sand,forward,",motion,heat,",20.6,22.3,covert_a,STOCC,0
11/16/2021,12:27,12:34,60,sand,forward,",motion,heat,",20.6,21.6,covert_a,STOCC,0
11/16/2021,12:27,12:34,60,sand,forward,",motion,heat,",20.6,22.9,covert_a,STOCC,0
11/16/2021,12:27,12:34,70,sand,forward,",motion,heat,",20.6,22.6,covert_a,STOCC,0
11/16/2021,12:51,13:05,180,sand,forward,",motion,heat,",20.8,21.6,covert_a,LAGET,1
11/16/2021,12:51,13:05,180,sand,forward,",motion,heat,",20.8,21.6,covert_a,LAGET,1
11/16/2021,12:51,13:05,147,sand,forward,",motion,heat,",20.8,22.8,covert_a,LAGET,1
11/16/2021,12:51,13:05,100,sand,forward,",motion,heat,",20.8,21.5,covert_a,LAGET,1
11/16/2021,12:51,13:05,60,sand,forward,",motion,heat,",20.8,22.7,covert_a,LAGET,1
11/16/2021,13:07,13:10,30,sand,forward,",motion,heat,",21.2,21.8,covert_a,PAALL,1
11/16/2021,13:07,13:10,20,sand,forward,",motion,heat,",21.2,21.6,covert_a,PAALL,1
11/16/2021,13:07,13:10,23,sand,forward,",motion,heat,",21.2,22.2,covert_a,PAALL,1
11/16/2021,13:07,13:10,20,sand,forward,",motion,heat,",21.2,20.4,covert_a,PAALL,1
11/16/2021,13:07,13:10,12,sand,forward,",motion,heat,",21.2,21,covert_a,PAALL,0
11/16/2021,13:12,13:16,20,sand,forward,",motion,heat,",20.8,21.4,covert_a,DIPUN,1
11/16/2021,13:12,13:16,20,sand,forward,",motion,heat,",20.8,21.6,covert_a,DIPUN,1
11/16/2021,13:12,13:16,30,sand,forward,",motion,heat,",20.8,21.8,covert_a,DIPUN,0
11/16/2021,13:12,13:16,30,sand,forward,",motion,heat,",20.8,21.9,covert_a,DIPUN,0
11/16/2021,13:12,13:16,30,sand,forward,",motion,heat,",20.8,21.3,covert_a,DIPUN,0
11/16/2021,13:18,13:34,10,sand,forward,",motion,heat,",21,23.5,covert_a,PAGUT,1
11/16/2021,13:18,13:34,180,sand,forward,",motion,heat,",21,22.3,covert_a,PAGUT,1
11/16/2021,13:18,13:34,180,sand,forward,",motion,heat,",21,22.8,covert_a,PAGUT,1
11/16/2021,13:18,13:34,190,sand,forward,",motion,heat,",21,22.3,covert_a,PAGUT,1
11/16/2021,13:18,13:34,190,sand,forward,",motion,heat,",21,22.5,covert_a,PAGUT,1
11/16/2021,13:39,13:42,10,sand,forward,",motion,heat,",21.3,22.2,reconyx_white,PAALL,1
11/16/2021,13:39,13:42,16,sand,forward,",motion,heat,",21.3,20.5,reconyx_white,PAALL,1
11/16/2021,13:39,13:42,20,sand,forward,",motion,heat,",21.3,20.4,reconyx_white,PAALL,1
11/16/2021,13:39,13:42,16,sand,forward,",motion,heat,",21.3,21.5,reconyx_white,PAALL,1
11/16/2021,13:39,13:42,20,sand,forward,",motion,heat,",21.3,21.3,reconyx_white,PAALL,0
11/16/2021,13:44,13:56,175,sand,forward,",motion,heat,",21.3,21.7,reconyx_white,LAGET,1
11/16/2021,13:44,13:56,180,sand,forward,",motion,heat,",21.3,21,reconyx_white,LAGET,1
11/16/2021,13:44,13:56,80,sand,forward,",motion,heat,",21.3,23.2,reconyx_white,LAGET,1
11/16/2021,13:44,13:56,70,sand,forward,",motion,heat,",21.3,23.1,reconyx_white,LAGET,1
11/16/2021,13:44,13:56,90,sand,forward,",motion,heat,",21.3,21.3,reconyx_white,LAGET,1
11/16/2021,16:09,16:27,180,sand,forward,",motion,heat,",20.8,22.6,reconyx_white,PAGUT,1
11/16/2021,16:09,16:27,195,sand,forward,",motion,heat,",20.8,22.8,reconyx_white,PAGUT,1
11/16/2021,16:09,16:27,180,sand,forward,",motion,heat,",20.8,22.8,reconyx_white,PAGUT,1
11/16/2021,16:09,16:27,180,sand,forward,",motion,heat,",20.8,22.3,reconyx_white,PAGUT,1
11/16/2021,16:09,16:27,180,sand,forward,",motion,heat,",20.8,22.6,reconyx_white,PAGUT,1
11/16/2021,16:28,16:34,45,sand,forward,",motion,heat,",21.2,20.8,reconyx_white,STOCC,0
11/16/2021,16:28,16:34,60,sand,forward,",motion,heat,",21.2,21,reconyx_white,STOCC,0
11/16/2021,16:28,16:34,60,sand,forward,",motion,heat,",21.2,21.1,reconyx_white,STOCC,0
11/16/2021,16:28,16:34,60,sand,forward,",motion,heat,",21.2,21.6,reconyx_white,STOCC,0
11/16/2021,16:28,16:34,60,sand,forward,",motion,heat,",21.2,22.1,reconyx_white,STOCC,0
11/16/2021,16:35,16:40,60,sand,forward,",motion,heat,",21.3,21.7,reconyx_white,DIPUN,0
11/16/2021,16:35,16:40,5,sand,forward,",motion,heat,",21.3,21,reconyx_white,DIPUN,0
11/16/2021,16:35,16:40,23,sand,forward,",motion,heat,",21.3,21.6,reconyx_white,DIPUN,0
11/16/2021,16:35,16:40,60,sand,forward,",motion,heat,",21.3,21.4,reconyx_white,DIPUN,0
11/16/2021,16:35,16:40,5,sand,forward,",motion,heat,",21.3,22,reconyx_white,DIPUN,0
11/17/2021,8:10,8:18,60,sand,forward,",motion,heat,",20.6,21.1,covert_b,STOCC,0
11/17/2021,8:10,8:18,60,sand,forward,",motion,heat,",20.6,21.6,covert_b,STOCC,0
11/17/2021,8:10,8:18,60,sand,forward,",motion,heat,",20.6,20.6,covert_b,STOCC,0
11/17/2021,8:10,8:18,60,sand,forward,",motion,heat,",20.6,21.5,covert_b,STOCC,0
11/17/2021,8:10,8:18,60,sand,forward,",motion,heat,",20.6,21.5,covert_b,STOCC,0
11/17/2021,8:19,8:23,4,sand,forward,",motion,heat,",20.3,21.2,covert_b,DIPUN,0
11/17/2021,8:19,8:23,30,sand,forward,",motion,heat,",20.3,21,covert_b,DIPUN,0
11/17/2021,8:19,8:23,10,sand,forward,",motion,heat,",20.3,20.7,covert_b,DIPUN,0
11/17/2021,8:19,8:23,5,sand,forward,",motion,heat,",20.3,21,covert_b,DIPUN,0
11/17/2021,8:19,8:23,30,sand,forward,",motion,heat,",20.3,20.6,covert_b,DIPUN,0
11/17/2021,9:18,9:40,180,sand,forward,",motion,heat,",20.1,21.8,covert_b,PAGUT,1
11/17/2021,9:18,9:40,180,sand,forward,",motion,heat,",20.1,21.5,covert_b,PAGUT,1
11/17/2021,9:18,9:40,180,sand,forward,",motion,heat,",20.1,21.8,covert_b,PAGUT,0
11/17/2021,9:18,9:40,180,sand,forward,",motion,heat,",20.1,21.1,covert_b,PAGUT,0
11/17/2021,9:18,9:40,180,sand,forward,",motion,heat,",20.1,20.3,covert_b,PAGUT,0
11/17/2021,9:45,9:50,30,sand,forward,",motion,heat,",20.1,22,covert_b,PAALL,1
11/17/2021,9:45,9:50,30,sand,forward,",motion,heat,",20.1,20.5,covert_b,PAALL,1
11/17/2021,9:45,9:50,30,sand,forward,",motion,heat,",20.1,20.5,covert_b,PAALL,0
11/17/2021,9:45,9:50,30,sand,forward,",motion,heat,",20.1,21.7,covert_b,PAALL,0
11/17/2021,9:45,9:50,30,sand,forward,",motion,heat,",20.1,21.4,covert_b,PAALL,0
11/17/2021,9:51,10:00,180,sand,forward,",motion,heat,",19.9,23.5,covert_b,LAGET,1
11/17/2021,9:51,10:00,90,sand,forward,",motion,heat,",19.9,22.8,covert_b,LAGET,1
11/17/2021,9:51,10:00,90,sand,forward,",motion,heat,",19.9,21.5,covert_b,LAGET,1
11/17/2021,9:51,10:00,70,sand,forward,",motion,heat,",19.9,20.5,covert_b,LAGET,1
11/17/2021,9:51,10:00,70,sand,forward,",motion,heat,",19.9,20.7,covert_b,LAGET,0
11/17/2021,12:26,12:29,30,sand,forward,",motion,heat,",19.7,19.7,browning_dark,PAALL,1
11/17/2021,12:26,12:29,16,sand,forward,",motion,heat,",19.7,20.1,browning_dark,PAALL,1
11/17/2021,12:26,12:29,18,sand,forward,",motion,heat,",19.7,20.2,browning_dark,PAALL,1
11/17/2021,12:26,12:29,15,sand,forward,",motion,heat,",19.7,21.3,browning_dark,PAALL,1
11/17/2021,12:26,12:29,19,sand,forward,",motion,heat,",19.7,20,browning_dark,PAALL,0
11/17/2021,12:31,12:41,180,sand,forward,",motion,heat,",19.8,21.8,browning_dark,LAGET,1
11/17/2021,12:31,12:41,101,sand,forward,",motion,heat,",19.8,20.8,browning_dark,LAGET,1
11/17/2021,12:31,12:41,38,sand,forward,",motion,heat,",19.8,21.5,browning_dark,LAGET,1
11/17/2021,12:31,12:41,164,sand,forward,",motion,heat,",19.8,21.6,browning_dark,LAGET,1
11/17/2021,12:31,12:41,27,sand,forward,",motion,heat,",19.8,21.7,browning_dark,LAGET,0
11/17/2021,12:43,12:50,75,sand,forward,",motion,heat,",19.8,20.1,browning_dark,STOCC,0
11/17/2021,12:43,12:50,60,sand,forward,",motion,heat,",19.8,20,browning_dark,STOCC,0
11/17/2021,12:43,12:50,60,sand,forward,",motion,heat,",19.8,20,browning_dark,STOCC,0
11/17/2021,12:43,12:50,60,sand,forward,",motion,heat,",19.8,20.2,browning_dark,STOCC,0
11/17/2021,12:43,12:50,60,sand,forward,",motion,heat,",19.8,20.6,browning_dark,STOCC,0
11/17/2021,12:51,13:12,240,sand,forward,",motion,heat,",19.9,22.3,browning_dark,PAGUT,1
11/17/2021,12:51,13:12,180,sand,forward,",motion,heat,",19.9,21.3,browning_dark,PAGUT,1
11/17/2021,12:51,13:12,180,sand,forward,",motion,heat,",19.9,21,browning_dark,PAGUT,1
11/17/2021,12:51,13:12,180,sand,forward,",motion,heat,",19.9,20.7,browning_dark,PAGUT,1
11/17/2021,12:51,13:12,180,sand,forward,",motion,heat,",19.9,21.3,browning_dark,PAGUT,1
11/17/2021,13:13,13:16,30,sand,forward,",motion,heat,",20.6,19.9,browning_dark,DIPUN,0
11/17/2021,13:13,13:16,6,sand,forward,",motion,heat,",20.6,20.4,browning_dark,DIPUN,0
11/17/2021,13:13,13:16,5,sand,forward,",motion,heat,",20.6,20.4,browning_dark,DIPUN,0
11/17/2021,13:13,13:16,30,sand,forward,",motion,heat,",20.6,20.2,browning_dark,DIPUN,0
11/17/2021,13:13,13:16,10,sand,forward,",motion,heat,",20.6,20.4,browning_dark,DIPUN,0
11/18/2021,11:58,12:16,180,sand,forward,",motion,heat,",20.9,23.2,reconyx_infrared,PAGUT,1
11/18/2021,11:58,12:16,180,sand,forward,",motion,heat,",20.9,22.9,reconyx_infrared,PAGUT,1
11/18/2021,11:58,12:16,180,sand,forward,",motion,heat,",20.9,22.3,reconyx_infrared,PAGUT,1
11/18/2021,11:58,12:16,190,sand,forward,",motion,heat,",20.9,22.1,reconyx_infrared,PAGUT,1
11/18/2021,11:58,12:16,200,sand,forward,",motion,heat,",20.9,22.6,reconyx_infrared,PAGUT,1
11/18/2021,12:17,12:20,30,sand,forward,",motion,heat,",21.5,21.6,reconyx_infrared,PAALL,1
11/18/2021,12:17,12:20,18,sand,forward,",motion,heat,",21.5,21.2,reconyx_infrared,PAALL,1
11/18/2021,12:17,12:20,20,sand,forward,",motion,heat,",21.5,21.5,reconyx_infrared,PAALL,0
11/18/2021,12:17,12:20,22,sand,forward,",motion,heat,",21.5,21.4,reconyx_infrared,PAALL,0
11/18/2021,12:17,12:20,16,sand,forward,",motion,heat,",21.5,22.1,reconyx_infrared,PAALL,0
11/18/2021,12:22,12:26,2,sand,forward,",motion,heat,",21,21.6,reconyx_infrared,DIPUN,1
11/18/2021,12:22,12:26,30,sand,forward,",motion,heat,",21,21.6,reconyx_infrared,DIPUN,1
11/18/2021,12:22,12:26,7,sand,forward,",motion,heat,",21,21.9,reconyx_infrared,DIPUN,0
11/18/2021,12:22,12:26,30,sand,forward,",motion,heat,",21,22.1,reconyx_infrared,DIPUN,0
11/18/2021,12:22,12:26,30,sand,forward,",motion,heat,",21,21.6,reconyx_infrared,DIPUN,0
11/18/2021,12:28,12:35,60,sand,forward,",motion,heat,",21,20.9,reconyx_infrared,STOCC,0
11/18/2021,12:28,12:35,60,sand,forward,",motion,heat,",21,21.7,reconyx_infrared,STOCC,0
11/18/2021,12:28,12:35,60,sand,forward,",motion,heat,",21,21.4,reconyx_infrared,STOCC,0
11/18/2021,12:28,12:35,60,sand,forward,",motion,heat,",21,22.1,reconyx_infrared,STOCC,0
11/18/2021,12:28,12:35,60,sand,forward,",motion,heat,",21,21,reconyx_infrared,STOCC,0
11/18/2021,12:37,12:54,200,sand,forward,",motion,heat,",21,24.6,reconyx_infrared,LAGET,1
11/18/2021,12:37,12:54,190,sand,forward,",motion,heat,",21,24,reconyx_infrared,LAGET,1
11/18/2021,12:37,12:54,180,sand,forward,",motion,heat,",21,22.6,reconyx_infrared,LAGET,1
11/18/2021,12:37,12:54,107,sand,forward,",motion,heat,",21,23.5,reconyx_infrared,LAGET,1
11/18/2021,12:37,12:54,180,sand,forward,",motion,heat,",21,22.5,reconyx_infrared,LAGET,1
11/18/2021,14:12,14:22,180,lid,forward,",motion,heat,",21.6,22.2,browning_dark,LAGET,1
11/18/2021,14:12,14:22,180,lid,forward,",motion,heat,",21.6,23.1,browning_dark,LAGET,1
11/18/2021,14:12,14:22,80,lid,forward,",motion,heat,",21.6,22.4,browning_dark,LAGET,1
11/18/2021,14:12,14:22,90,lid,forward,",motion,heat,",21.6,22.8,browning_dark,LAGET,1
11/18/2021,14:12,14:22,50,lid,forward,",motion,heat,",21.6,23,browning_dark,LAGET,1
11/18/2021,13:59,14:07,137,lid,forward,",motion,heat,",21.3,22.5,browning_dark,PAGUT,1
11/18/2021,13:59,14:07,60,lid,forward,",motion,heat,",21.3,22.9,browning_dark,PAGUT,1
11/18/2021,13:59,14:07,60,lid,forward,",motion,heat,",21.3,22.8,browning_dark,PAGUT,1
11/18/2021,13:59,14:07,100,lid,forward,",motion,heat,",21.3,22.8,browning_dark,PAGUT,1
11/18/2021,13:59,14:07,50,lid,forward,",motion,heat,",21.3,22.8,browning_dark,PAGUT,1
11/18/2021,14:24,14:26,20,lid,forward,",motion,heat,",22.1,20.7,browning_dark,PAALL,1
11/18/2021,14:24,14:26,10,lid,forward,",motion,heat,",22.1,21,browning_dark,PAALL,1
11/18/2021,14:24,14:26,15,lid,forward,",motion,heat,",22.1,21,browning_dark,PAALL,1
11/18/2021,14:24,14:26,25,lid,forward,",motion,heat,",22.1,21.5,browning_dark,PAALL,1
11/18/2021,14:24,14:26,30,lid,forward,",motion,heat,",22.1,20.3,browning_dark,PAALL,0
11/18/2021,14:29,14:36,65,lid,forward,",motion,heat,",21.5,23.3,browning_dark,DIPUN,1
11/18/2021,14:29,14:36,70,lid,forward,",motion,heat,",21.5,21.8,browning_dark,DIPUN,1
11/18/2021,14:29,14:36,60,lid,forward,",motion,heat,",21.5,22.4,browning_dark,DIPUN,1
11/18/2021,14:29,14:36,70,lid,forward,",motion,heat,",21.5,22.2,browning_dark,DIPUN,1
11/18/2021,14:29,14:36,15,lid,forward,",motion,heat,",21.5,22.5,browning_dark,DIPUN,0
11/18/2021,14:39,14:46,75,lid,forward,",motion,heat,",21.2,22.3,browning_dark,STOCC,0
11/18/2021,14:39,14:46,60,lid,forward,",motion,heat,",21.2,22.3,browning_dark,STOCC,0
11/18/2021,14:39,14:46,60,lid,forward,",motion,heat,",21.2,22.5,browning_dark,STOCC,0
11/18/2021,14:39,14:46,65,lid,forward,",motion,heat,",21.2,22,browning_dark,STOCC,0
11/18/2021,14:39,14:46,60,lid,forward,",motion,heat,",21.2,22.1,browning_dark,STOCC,0
11/18/2021,12:59,13:06,90,sand,backward,",motion,heat,",21.2,21.7,browning_dark,STOCC,0
11/18/2021,12:59,13:06,70,sand,backward,",motion,heat,",21.2,21.7,browning_dark,STOCC,0
11/18/2021,12:59,13:06,70,sand,backward,",motion,heat,",21.2,22.1,browning_dark,STOCC,0
11/18/2021,12:59,13:06,70,sand,backward,",motion,heat,",21.2,21.5,browning_dark,STOCC,0
11/18/2021,12:59,13:06,60,sand,backward,",motion,heat,",21.2,23.1,browning_dark,STOCC,0
11/18/2021,13:08,13:24,105,sand,backward,",motion,heat,",21.1,23.3,browning_dark,LAGET,1
11/18/2021,13:08,13:24,90,sand,backward,",motion,heat,",21.1,23.1,browning_dark,LAGET,1
11/18/2021,13:08,13:24,175,sand,backward,",motion,heat,",21.1,23.2,browning_dark,LAGET,1
11/18/2021,13:08,13:24,67,sand,backward,",motion,heat,",21.1,21.4,browning_dark,LAGET,1
11/18/2021,13:08,13:24,115,sand,backward,",motion,heat,",21.1,23.4,browning_dark,LAGET,1
11/18/2021,13:26,13:31,53,sand,backward,",motion,heat,",21.3,22.8,browning_dark,PAALL,1
11/18/2021,13:26,13:31,45,sand,backward,",motion,heat,",21.3,21.9,browning_dark,PAALL,1
11/18/2021,13:26,13:31,60,sand,backward,",motion,heat,",21.3,21.2,browning_dark,PAALL,0
11/18/2021,13:26,13:31,35,sand,backward,",motion,heat,",21.3,21.3,browning_dark,PAALL,0
11/18/2021,13:26,13:31,34,sand,backward,",motion,heat,",21.3,21.7,browning_dark,PAALL,0
11/18/2021,13:32,13:36,6,sand,backward,",motion,heat,",21.1,21.4,browning_dark,DIPUN,1
11/18/2021,13:32,13:36,17,sand,backward,",motion,heat,",21.1,21.6,browning_dark,DIPUN,1
11/18/2021,13:32,13:36,13,sand,backward,",motion,heat,",21.1,21.5,browning_dark,DIPUN,1
11/18/2021,13:32,13:36,65,sand,backward,",motion,heat,",21.1,21.3,browning_dark,DIPUN,1
11/18/2021,13:32,13:36,14,sand,backward,",motion,heat,",21.1,21.3,browning_dark,DIPUN,1
11/18/2021,13:38,13:57,144,sand,backward,",motion,heat,",21.1,23.6,browning_dark,PAGUT,1
11/18/2021,13:38,13:57,240,sand,backward,",motion,heat,",21.1,23.2,browning_dark,PAGUT,1
11/18/2021,13:38,13:57,210,sand,backward,",motion,heat,",21.1,22.8,browning_dark,PAGUT,1
11/18/2021,13:38,13:57,210,sand,backward,",motion,heat,",21.1,22.9,browning_dark,PAGUT,1
11/18/2021,13:38,13:57,140,sand,backward,",motion,heat,",21.1,22.5,browning_dark,PAGUT,1
11/19/2021,15:55,16:06,70,sand,forward,",motion,heat,timelapse,",21.4,22.5,covert_a,LAGET,1
11/19/2021,15:55,16:06,60,sand,forward,",motion,heat,timelapse,",21.4,22.8,covert_a,LAGET,1
11/19/2021,15:55,16:06,150,sand,forward,",motion,heat,timelapse,",21.4,21.8,covert_a,LAGET,1
11/19/2021,15:55,16:06,120,sand,forward,",motion,heat,timelapse,",21.4,22.8,covert_a,LAGET,1
11/19/2021,15:55,16:06,90,sand,forward,",motion,heat,timelapse,",21.4,21.8,covert_a,LAGET,1
11/19/2021,16:10,16:14,3,sand,forward,",motion,heat,timelapse,",21.5,21.3,covert_a,DIPUN,1
11/19/2021,16:10,16:14,10,sand,forward,",motion,heat,timelapse,",21.5,21,covert_a,DIPUN,0
11/19/2021,16:10,16:14,60,sand,forward,",motion,heat,timelapse,",21.5,21.3,covert_a,DIPUN,0
11/19/2021,16:10,16:14,7,sand,forward,",motion,heat,timelapse,",21.5,21.6,covert_a,DIPUN,0
11/19/2021,16:10,16:14,60,sand,forward,",motion,heat,timelapse,",21.5,20.7,covert_a,DIPUN,0
11/19/2021,16:24,16:30,60,sand,forward,",motion,heat,timelapse,",21.5,21.7,covert_a,STOCC,1
11/19/2021,16:24,16:30,60,sand,forward,",motion,heat,timelapse,",21.5,21.5,covert_a,STOCC,1
11/19/2021,16:24,16:30,60,sand,forward,",motion,heat,timelapse,",21.5,21.3,covert_a,STOCC,1
11/19/2021,16:24,16:30,60,sand,forward,",motion,heat,timelapse,",21.5,21.6,covert_a,STOCC,1
11/19/2021,16:24,16:30,60,sand,forward,",motion,heat,timelapse,",21.5,21.7,covert_a,STOCC,0
11/19/2021,16:32,16:48,180,sand,forward,",motion,heat,timelapse,",21.5,23.1,covert_a,PAGUT,1
11/19/2021,16:32,16:48,180,sand,forward,",motion,heat,timelapse,",21.5,23.2,covert_a,PAGUT,1
11/19/2021,16:32,16:48,120,sand,forward,",motion,heat,timelapse,",21.5,22.8,covert_a,PAGUT,1
11/19/2021,16:32,16:48,190,sand,forward,",motion,heat,timelapse,",21.5,23.6,covert_a,PAGUT,1
11/19/2021,16:32,16:48,150,sand,forward,",motion,heat,timelapse,",21.5,23,covert_a,PAGUT,1
11/19/2021,16:17,16:20,25,sand,forward,",motion,heat,timelapse,",21.1,21.8,covert_a,PAALL,1
11/19/2021,16:17,16:20,45,sand,forward,",motion,heat,timelapse,",21.1,21.3,covert_a,PAALL,1
11/19/2021,16:17,16:20,20,sand,forward,",motion,heat,timelapse,",21.1,21.9,covert_a,PAALL,1
11/19/2021,16:17,16:20,20,sand,forward,",motion,heat,timelapse,",21.1,21.5,covert_a,PAALL,0
11/19/2021,16:17,16:20,20,sand,forward,",motion,heat,timelapse,",21.1,21.7,covert_a,PAALL,0
11/19/2021,13:33,13:45,240,sand,forward,",motion,heat,timelapse,",20.6,25.2,browning_dark,LAGET,1
11/19/2021,13:33,13:45,140,sand,forward,",motion,heat,timelapse,",20.6,25.1,browning_dark,LAGET,1
11/19/2021,13:33,13:45,50,sand,forward,",motion,heat,timelapse,",20.6,24.2,browning_dark,LAGET,1
11/19/2021,13:33,13:45,145,sand,forward,",motion,heat,timelapse,",20.6,24.5,browning_dark,LAGET,1
11/19/2021,13:33,13:45,60,sand,forward,",motion,heat,timelapse,",20.6,23.5,browning_dark,LAGET,1
11/19/2021,13:46,14:03,180,sand,forward,",motion,heat,timelapse,",21.2,22.4,browning_dark,PAGUT,1
11/19/2021,13:46,14:03,180,sand,forward,",motion,heat,timelapse,",21.2,23.3,browning_dark,PAGUT,1
11/19/2021,13:46,14:03,180,sand,forward,",motion,heat,timelapse,",21.2,23.3,browning_dark,PAGUT,1
11/19/2021,13:46,14:03,180,sand,forward,",motion,heat,timelapse,",21.2,23,browning_dark,PAGUT,1
11/19/2021,13:46,14:03,180,sand,forward,",motion,heat,timelapse,",21.2,23.1,browning_dark,PAGUT,1
11/19/2021,14:05,14:11,18,sand,forward,",motion,heat,timelapse,",21.3,22,browning_dark,PAALL,1
11/19/2021,14:05,14:11,35,sand,forward,",motion,heat,timelapse,",21.3,21.7,browning_dark,PAALL,1
11/19/2021,14:05,14:11,45,sand,forward,",motion,heat,timelapse,",21.3,21.1,browning_dark,PAALL,1
11/19/2021,14:05,14:11,30,sand,forward,",motion,heat,timelapse,",21.3,21.1,browning_dark,PAALL,1
11/19/2021,14:05,14:11,30,sand,forward,",motion,heat,timelapse,",21.3,21.3,browning_dark,PAALL,0
11/19/2021,14:12,14:18,5,sand,forward,",motion,heat,timelapse,",21.4,21.7,browning_dark,DIPUN,1
11/19/2021,14:12,14:18,3,sand,forward,",motion,heat,timelapse,",21.4,22,browning_dark,DIPUN,1
11/19/2021,14:12,14:18,8,sand,forward,",motion,heat,timelapse,",21.4,21.2,browning_dark,DIPUN,1
11/19/2021,14:12,14:18,60,sand,forward,",motion,heat,timelapse,",21.4,22.2,browning_dark,DIPUN,0
11/19/2021,14:12,14:18,75,sand,forward,",motion,heat,timelapse,",21.4,21.2,browning_dark,DIPUN,0
11/19/2021,14:20,14:27,60,sand,forward,",motion,heat,timelapse,",21.1,21.8,browning_dark,STOCC,1
11/19/2021,14:20,14:27,60,sand,forward,",motion,heat,timelapse,",21.1,21.3,browning_dark,STOCC,0
11/19/2021,14:20,14:27,60,sand,forward,",motion,heat,timelapse,",21.1,22.5,browning_dark,STOCC,0
11/19/2021,14:20,14:27,60,sand,forward,",motion,heat,timelapse,",21.1,22.3,browning_dark,STOCC,0
11/19/2021,14:20,14:27,60,sand,forward,",motion,heat,timelapse,",21.1,22.5,browning_dark,STOCC,0
11/19/2021,14:31,14:39,60,sand,forward,",motion,heat,timelapse,",21.1,21.5,reconyx_white,STOCC,0
11/19/2021,14:31,14:39,90,sand,forward,",motion,heat,timelapse,",21.1,22.5,reconyx_white,STOCC,0
11/19/2021,14:31,14:39,60,sand,forward,",motion,heat,timelapse,",21.1,21.6,reconyx_white,STOCC,0
11/19/2021,14:31,14:39,70,sand,forward,",motion,heat,timelapse,",21.1,21.3,reconyx_white,STOCC,0
11/19/2021,14:31,14:39,60,sand,forward,",motion,heat,timelapse,",21.1,20.7,reconyx_white,STOCC,0
11/19/2021,15:05,15:10,8,sand,forward,",motion,heat,timelapse,",21.5,22.1,reconyx_white,DIPUN,1
11/19/2021,15:05,15:10,60,sand,forward,",motion,heat,timelapse,",21.5,21.7,reconyx_white,DIPUN,0
11/19/2021,15:05,15:10,30,sand,forward,",motion,heat,timelapse,",21.5,23,reconyx_white,DIPUN,0
11/19/2021,15:05,15:10,60,sand,forward,",motion,heat,timelapse,",21.5,22.2,reconyx_white,DIPUN,0
11/19/2021,15:05,15:10,5,sand,forward,",motion,heat,timelapse,",21.5,22.3,reconyx_white,DIPUN,0
11/19/2021,15:12,15:16,25,sand,forward,",motion,heat,timelapse,",25.1,21.1,reconyx_white,PAALL,1
11/19/2021,15:12,15:16,15,sand,forward,",motion,heat,timelapse,",25.1,22,reconyx_white,PAALL,1
11/19/2021,15:12,15:16,15,sand,forward,",motion,heat,timelapse,",25.1,22.5,reconyx_white,PAALL,1
11/19/2021,15:12,15:16,15,sand,forward,",motion,heat,timelapse,",25.1,22.1,reconyx_white,PAALL,1
11/19/2021,15:12,15:16,15,sand,forward,",motion,heat,timelapse,",25.1,22,reconyx_white,PAALL,1
11/19/2021,15:18,15:36,190,sand,forward,",motion,heat,timelapse,",21.3,23.6,reconyx_white,PAGUT,1
11/19/2021,15:18,15:36,180,sand,forward,",motion,heat,timelapse,",21.3,24.1,reconyx_white,PAGUT,1
11/19/2021,15:18,15:36,180,sand,forward,",motion,heat,timelapse,",21.3,23.2,reconyx_white,PAGUT,1
11/19/2021,15:18,15:36,180,sand,forward,",motion,heat,timelapse,",21.3,23.3,reconyx_white,PAGUT,1
11/19/2021,15:18,15:36,190,sand,forward,",motion,heat,timelapse,",21.3,23.6,reconyx_white,PAGUT,1
11/19/2021,15:37,15:52,180,sand,forward,",motion,heat,timelapse,",22,25,reconyx_white,LAGET,1
11/19/2021,15:37,15:52,180,sand,forward,",motion,heat,timelapse,",22,22,reconyx_white,LAGET,1
11/19/2021,15:37,15:52,180,sand,forward,",motion,heat,timelapse,",22,22,reconyx_white,LAGET,1
11/19/2021,15:37,15:52,100,sand,forward,",motion,heat,timelapse,",22,22.6,reconyx_white,LAGET,1
11/19/2021,15:37,15:52,93,sand,forward,",motion,heat,timelapse,",22,23.3,reconyx_white,LAGET,1